-- 简化的测试数据插入脚本
-- 不指定ID，使用自动递增，避免重复键错误

-- 1. 插入组织数据
INSERT IGNORE INTO organizations (org_name, org_code, parent_id, description, is_active, created_at, updated_at)
VALUES 
('总部', 'HQ', NULL, '公司总部', 1, NOW(), NOW()),
('技术部', 'TECH', 1, '负责研发和技术支持', 1, NOW(), NOW()),
('销售部', 'SALES', 1, '负责市场销售', 1, NOW(), NOW()),
('人力资源部', 'HR', 1, '负责员工管理', 1, NOW(), NOW()),
('财务部', 'FIN', 1, '负责财务核算', 1, NOW(), NOW()),
('研发一组', 'R&D1', 2, '负责核心产品研发', 1, NOW(), NOW()),
('研发二组', 'R&D2', 2, '负责新技术探索', 1, NOW(), NOW()),
('北京销售部', 'SALES_BJ', 3, '北京地区销售', 1, NOW(), NOW()),
('上海销售部', 'SALES_SH', 3, '上海地区销售', 1, NOW(), NOW()),
('广州销售部', 'SALES_GZ', 3, '广州地区销售', 1, NOW(), NOW()),
('深圳分公司', 'SZ_BRANCH', 1, '深圳分公司', 1, NOW(), NOW()),
('成都分公司', 'CD_BRANCH', 1, '成都分公司', 1, NOW(), NOW()),
('西安研发中心', 'XA_RD', 2, '西安研发中心', 1, NOW(), NOW()),
('武汉研发中心', 'WH_RD', 2, '武汉研发中心', 1, NOW(), NOW()),
('深圳销售部', 'SALES_SZ', 3, '深圳销售部', 1, NOW(), NOW());

-- 2. 插入请假记录
INSERT IGNORE INTO hrbp_leave_record (emp_id, leave_type, start_time, end_time)
VALUES 
(1001, 'annual', '2025-12-01 09:00:00', '2025-12-02 18:00:00'),
(1002, 'sick', '2025-12-03 09:00:00', '2025-12-03 18:00:00'),
(1003, 'personal', '2025-12-04 13:00:00', '2025-12-04 18:00:00'),
(1004, 'annual', '2025-12-05 09:00:00', '2025-12-09 18:00:00'),
(1005, 'sick', '2025-12-06 09:00:00', '2025-12-06 18:00:00'),
(1006, 'personal', '2025-12-07 09:00:00', '2025-12-07 18:00:00'),
(1007, 'annual', '2025-12-08 09:00:00', '2025-12-08 18:00:00'),
(1008, 'sick', '2025-12-09 09:00:00', '2025-12-10 18:00:00'),
(1009, 'personal', '2025-12-11 13:00:00', '2025-12-11 18:00:00'),
(1010, 'annual', '2025-12-12 09:00:00', '2025-12-16 18:00:00'),
(1011, 'sick', '2025-12-01 09:00:00', '2025-12-01 18:00:00'),
(1012, 'annual', '2025-12-02 09:00:00', '2025-12-02 18:00:00'),
(1013, 'personal', '2025-12-03 09:00:00', '2025-12-03 18:00:00'),
(1014, 'sick', '2025-12-04 09:00:00', '2025-12-04 18:00:00'),
(1015, 'annual', '2025-12-05 09:00:00', '2025-12-05 18:00:00');


-- 3. 插入加班记录
INSERT IGNORE INTO overtime_records (emp_id, work_date, actual_hours, regular_hours, overtime_hours, created_at)
VALUES 
(1001, '2025-12-01', 10, 8, 2, NOW()),
(1002, '2025-12-01', 11, 8, 3, NOW()),
(1003, '2025-12-02', 9, 8, 1, NOW()),
(1004, '2025-12-02', 12, 8, 4, NOW()),
(1005, '2025-12-03', 10, 8, 2, NOW()),
(1006, '2025-12-03', 13, 8, 5, NOW()),
(1007, '2025-12-04', 9, 8, 1, NOW()),
(1008, '2025-12-04', 11, 8, 3, NOW()),
(1009, '2025-12-05', 10, 8, 2, NOW()),
(1010, '2025-12-05', 12, 8, 4, NOW()),
(1001, '2025-12-06', 11, 8, 3, NOW()),
(1002, '2025-12-06', 9, 8, 1, NOW()),
(1003, '2025-12-07', 14, 8, 6, NOW()),
(1004, '2025-12-07', 10, 8, 2, NOW()),
(1005, '2025-12-08', 12, 8, 4, NOW()),
(1011, '2025-12-01', 9, 8, 1, NOW()),
(1012, '2025-12-01', 10, 8, 2, NOW()),
(1013, '2025-12-02', 11, 8, 3, NOW()),
(1014, '2025-12-02', 12, 8, 4, NOW()),
(1015, '2025-12-03', 13, 8, 5, NOW());

-- 4. 插入连续工作天数记录（初始化脚本中存在此表，但结构不同）
INSERT IGNORE INTO consecutive_work_days (employee_id, consecutive_days, start_date, end_date)
VALUES 
('1001', 6, '2025-11-25', '2025-12-01'),
('1002', 3, '2025-12-01', '2025-12-03'),
('1003', 5, '2025-12-02', '2025-12-06'),
('1004', 2, '2025-12-02', '2025-12-03'),
('1005', 7, '2025-12-01', '2025-12-07'),
('1006', 4, '2025-12-03', '2025-12-06'),
('1007', 5, '2025-12-04', '2025-12-08'),
('1008', 3, '2025-12-04', '2025-12-06'),
('1009', 6, '2025-12-05', '2025-12-10'),
('1010', 2, '2025-12-05', '2025-12-06');

-- 插入完成
SELECT '测试数据插入完成' AS message;
